run_id,scenario,strategy,replication,timestamp,elapsed_seconds,total_requests,throughput_req_sec,error_rate_pct,p50_latency_ms,p90_latency_ms,p95_latency_ms,p99_latency_ms,avg_latency_ms,max_latency_ms,jains_fairness_index,t_adapt_sec,t_recover_sec,worker_cpu_overhead_pct,active_instances_count,status
exp1_ROUND_ROBIN_rep1_20261009_141623,exp1,ROUND_ROBIN,1,20261009_141623,0.0,92253,153.76,0.0,18.33,28.96,34.27,48.12,20.68,172.92,1.0,,,0.5,3,SUCCESS
exp1_ROUND_ROBIN_rep2_20261009_141629,exp1,ROUND_ROBIN,2,20261009_141629,0.0,91494,152.49,0.0,18.72,28.64,34.16,46.27,20.53,133.01,1.0,,,0.5,3,SUCCESS
exp1_ROUND_ROBIN_rep3_20261009_141633,exp1,ROUND_ROBIN,3,20261009_141633,0.0,90243,150.41,0.0,17.91,28.57,34.67,47.48,20.08,142.39,1.0,,,0.5,3,SUCCESS
exp1_ROUND_ROBIN_rep4_20261009_141637,exp1,ROUND_ROBIN,4,20261009_141637,0.0,91052,151.75,0.0,18.2,28.27,32.68,49.98,21.24,137.12,1.0,,,0.5,3,SUCCESS
exp1_ROUND_ROBIN_rep5_20261009_141641,exp1,ROUND_ROBIN,5,20261009_141641,0.0,89435,149.06,0.0,18.6,28.05,33.52,49.84,19.99,146.68,1.0,,,0.5,3,SUCCESS
exp1_SMOOTH_WEIGHTED_ROUND_ROBIN_rep1_20261009_141645,exp1,SMOOTH_WEIGHTED_ROUND_ROBIN,1,20261009_141645,0.0,90893,151.49,0.0,18.86,28.31,34.81,48.77,20.49,131.77,1.0,,,0.5,3,SUCCESS
exp1_SMOOTH_WEIGHTED_ROUND_ROBIN_rep2_20261009_141649,exp1,SMOOTH_WEIGHTED_ROUND_ROBIN,2,20261009_141649,0.0,91686,152.81,0.0,18.22,29.25,34.86,48.5,20.22,111.82,1.0,,,0.5,3,SUCCESS
exp1_SMOOTH_WEIGHTED_ROUND_ROBIN_rep3_20261009_141653,exp1,SMOOTH_WEIGHTED_ROUND_ROBIN,3,20261009_141653,0.0,87625,146.04,0.0,18.31,30.24,34.51,47.12,21.02,123.74,1.0,,,0.5,3,SUCCESS
exp1_SMOOTH_WEIGHTED_ROUND_ROBIN_rep4_20261009_141657,exp1,SMOOTH_WEIGHTED_ROUND_ROBIN,4,20261009_141657,0.0,89205,148.68,0.0,18.27,27.07,32.7,47.31,20.55,150.71,1.0,,,0.5,3,SUCCESS
exp1_SMOOTH_WEIGHTED_ROUND_ROBIN_rep5_20261009_141701,exp1,SMOOTH_WEIGHTED_ROUND_ROBIN,5,20261009_141701,0.0,89851,149.75,0.0,19.11,29.86,32.71,48.91,20.54,148.78,1.0,,,0.5,3,SUCCESS
exp1_LEAST_CONNECTIONS_rep1_20261009_141705,exp1,LEAST_CONNECTIONS,1,20261009_141705,0.0,88409,147.35,0.0,17.8,27.99,33.09,47.37,20.54,122.67,1.0,,,0.5,3,SUCCESS
exp1_LEAST_CONNECTIONS_rep2_20261009_141709,exp1,LEAST_CONNECTIONS,2,20261009_141709,0.0,90521,150.87,0.0,17.71,27.77,34.41,46.18,19.9,136.85,1.0,,,0.5,3,SUCCESS
exp1_LEAST_CONNECTIONS_rep3_20261009_141714,exp1,LEAST_CONNECTIONS,3,20261009_141714,0.0,89084,148.47,0.0,18.05,28.53,33.7,46.76,19.54,132.79,1.0,,,0.5,3,SUCCESS
exp1_LEAST_CONNECTIONS_rep4_20261009_141718,exp1,LEAST_CONNECTIONS,4,20261009_141718,0.0,89647,149.41,0.0,17.95,28.35,32.57,46.2,20.0,134.93,1.0,,,0.5,3,SUCCESS
exp1_LEAST_CONNECTIONS_rep5_20261009_141722,exp1,LEAST_CONNECTIONS,5,20261009_141722,0.0,90928,151.55,0.0,17.49,28.78,34.71,45.96,20.01,112.59,1.0,,,0.5,3,SUCCESS
exp1_ADAPTIVE_MULTI_METRIC_rep1_20261009_141726,exp1,ADAPTIVE_MULTI_METRIC,1,20261009_141726,0.0,90862,151.44,0.0,18.0,29.37,32.74,52.11,20.88,163.25,1.0,,,0.5,3,SUCCESS
exp1_ADAPTIVE_MULTI_METRIC_rep2_20261009_141730,exp1,ADAPTIVE_MULTI_METRIC,2,20261009_141730,0.0,90579,150.97,0.0,17.97,28.57,34.04,49.56,21.19,138.62,1.0,,,0.5,3,SUCCESS
exp1_ADAPTIVE_MULTI_METRIC_rep3_20261009_141734,exp1,ADAPTIVE_MULTI_METRIC,3,20261009_141734,0.0,88876,148.13,0.0,18.76,28.94,34.39,50.17,21.73,109.27,1.0,,,0.5,3,SUCCESS
exp1_ADAPTIVE_MULTI_METRIC_rep4_20261009_141738,exp1,ADAPTIVE_MULTI_METRIC,4,20261009_141738,0.0,87539,145.9,0.0,18.56,28.41,34.89,50.71,21.22,126.73,1.0,,,0.5,3,SUCCESS
exp1_ADAPTIVE_MULTI_METRIC_rep5_20261009_141742,exp1,ADAPTIVE_MULTI_METRIC,5,20261009_141742,0.0,87910,146.52,0.0,18.55,29.32,35.86,51.19,19.98,152.25,1.0,,,0.5,3,SUCCESS
exp2_ROUND_ROBIN_rep1_20261009_141746,exp2,ROUND_ROBIN,1,20261009_141746,0.0,795927,1326.55,1.24,53.69,233.59,336.38,529.64,80.59,1585.2,1.0,,,0.5,3,SUCCESS
exp2_ROUND_ROBIN_rep2_20261009_141750,exp2,ROUND_ROBIN,2,20261009_141750,0.0,792676,1321.13,1.23,52.75,234.4,349.16,518.56,78.01,1572.79,1.0,,,0.5,3,SUCCESS
exp2_ROUND_ROBIN_rep3_20261009_141754,exp2,ROUND_ROBIN,3,20261009_141754,0.0,798787,1331.31,1.27,55.56,239.6,348.33,519.83,78.87,1468.78,1.0,,,0.5,3,SUCCESS
exp2_ROUND_ROBIN_rep4_20261009_141758,exp2,ROUND_ROBIN,4,20261009_141758,0.0,786607,1311.01,1.2,55.14,222.79,344.24,524.09,78.38,1545.63,1.0,,,0.5,3,SUCCESS
exp2_ROUND_ROBIN_rep5_20261009_141802,exp2,ROUND_ROBIN,5,20261009_141802,0.0,783675,1306.13,1.18,53.47,236.65,374.22,484.07,75.86,1507.93,1.0,,,0.5,3,SUCCESS
exp2_SMOOTH_WEIGHTED_ROUND_ROBIN_rep1_20261009_141807,exp2,SMOOTH_WEIGHTED_ROUND_ROBIN,1,20261009_141807,0.0,790557,1317.6,0.96,53.19,235.85,334.02,529.89,75.89,1391.28,1.0,,,0.5,3,SUCCESS
exp2_SMOOTH_WEIGHTED_ROUND_ROBIN_rep2_20261009_141811,exp2,SMOOTH_WEIGHTED_ROUND_ROBIN,2,20261009_141811,0.0,799776,1332.96,0.89,49.76,217.67,344.5,475.97,73.32,1472.06,1.0,,,0.5,3,SUCCESS
exp2_SMOOTH_WEIGHTED_ROUND_ROBIN_rep3_20261009_141815,exp2,SMOOTH_WEIGHTED_ROUND_ROBIN,3,20261009_141815,0.0,775765,1292.94,0.94,49.71,232.66,326.3,497.9,73.5,1512.22,1.0,,,0.5,3,SUCCESS
exp2_SMOOTH_WEIGHTED_ROUND_ROBIN_rep4_20261009_141819,exp2,SMOOTH_WEIGHTED_ROUND_ROBIN,4,20261009_141819,0.0,790116,1316.86,1.05,52.25,222.49,287.74,517.59,74.76,1545.92,1.0,,,0.5,3,SUCCESS
exp2_SMOOTH_WEIGHTED_ROUND_ROBIN_rep5_20261009_141823,exp2,SMOOTH_WEIGHTED_ROUND_ROBIN,5,20261009_141823,0.0,790460,1317.43,0.85,53.7,220.02,326.97,483.36,72.05,1286.94,1.0,,,0.5,3,SUCCESS
exp2_LEAST_CONNECTIONS_rep1_20261009_141827,exp2,LEAST_CONNECTIONS,1,20261009_141827,0.0,778784,1297.97,0.27,39.24,143.62,204.36,329.78,49.84,801.44,1.0,,,0.5,3,SUCCESS
exp2_LEAST_CONNECTIONS_rep2_20261009_141831,exp2,LEAST_CONNECTIONS,2,20261009_141831,0.0,794400,1324.0,0.32,38.24,156.61,206.59,360.69,51.94,1010.14,1.0,,,0.5,3,SUCCESS
exp2_LEAST_CONNECTIONS_rep3_20261009_141835,exp2,LEAST_CONNECTIONS,3,20261009_141835,0.0,786732,1311.22,0.32,37.21,146.68,215.79,329.71,53.26,989.13,1.0,,,0.5,3,SUCCESS
exp2_LEAST_CONNECTIONS_rep4_20261009_141839,exp2,LEAST_CONNECTIONS,4,20261009_141839,0.0,796654,1327.76,0.29,39.23,148.0,209.62,338.01,51.15,965.3,1.0,,,0.5,3,SUCCESS
exp2_LEAST_CONNECTIONS_rep5_20261009_141843,exp2,LEAST_CONNECTIONS,5,20261009_141843,0.0,790013,1316.69,0.32,38.75,151.99,204.54,371.69,52.97,1086.02,1.0,,,0.5,3,SUCCESS
exp2_ADAPTIVE_MULTI_METRIC_rep1_20261009_141847,exp2,ADAPTIVE_MULTI_METRIC,1,20261009_141847,0.0,798867,1331.45,0.06,29.8,92.65,139.4,217.82,38.65,607.35,0.9997,,,0.5,3,SUCCESS
exp2_ADAPTIVE_MULTI_METRIC_rep2_20261009_141851,exp2,ADAPTIVE_MULTI_METRIC,2,20261009_141851,0.0,791131,1318.55,0.08,30.33,94.2,135.89,211.64,38.96,606.86,0.9997,,,0.5,3,SUCCESS
exp2_ADAPTIVE_MULTI_METRIC_rep3_20261009_141855,exp2,ADAPTIVE_MULTI_METRIC,3,20261009_141855,0.0,792201,1320.34,0.08,29.3,93.38,133.9,215.53,38.92,530.89,0.9997,,,0.5,3,SUCCESS
exp2_ADAPTIVE_MULTI_METRIC_rep4_20261009_141900,exp2,ADAPTIVE_MULTI_METRIC,4,20261009_141900,0.0,791953,1319.92,0.08,28.33,93.7,138.14,227.06,38.86,587.59,0.9997,,,0.5,3,SUCCESS
exp2_ADAPTIVE_MULTI_METRIC_rep5_20261009_141904,exp2,ADAPTIVE_MULTI_METRIC,5,20261009_141904,0.0,798353,1330.59,0.06,28.66,94.39,137.66,211.64,38.69,619.49,0.9997,,,0.5,3,SUCCESS
exp3_ROUND_ROBIN_rep1_20261009_141908,exp3,ROUND_ROBIN,1,20261009_141908,0.0,364477,607.46,0.0,126.02,300.45,342.14,425.82,139.95,1268.77,1.0,,,0.5,3,SUCCESS
exp3_ROUND_ROBIN_rep2_20261009_141912,exp3,ROUND_ROBIN,2,20261009_141912,0.0,357320,595.53,0.0,130.06,286.76,359.66,434.96,139.3,1268.03,1.0,,,0.5,3,SUCCESS
exp3_ROUND_ROBIN_rep3_20261009_141916,exp3,ROUND_ROBIN,3,20261009_141916,0.0,362123,603.54,0.0,118.43,292.99,359.96,431.28,141.94,1243.88,1.0,,,0.5,3,SUCCESS
exp3_ROUND_ROBIN_rep4_20261009_141920,exp3,ROUND_ROBIN,4,20261009_141920,0.0,362791,604.65,0.0,127.6,301.56,347.49,433.42,141.45,1274.52,1.0,,,0.5,3,SUCCESS
exp3_ROUND_ROBIN_rep5_20261009_141924,exp3,ROUND_ROBIN,5,20261009_141924,0.0,364748,607.91,0.0,121.14,305.63,337.17,445.48,141.75,1234.11,1.0,,,0.5,3,SUCCESS
exp3_SMOOTH_WEIGHTED_ROUND_ROBIN_rep1_20261009_141928,exp3,SMOOTH_WEIGHTED_ROUND_ROBIN,1,20261009_141928,0.0,361640,602.73,0.0,117.65,277.16,325.79,410.33,140.85,1220.4,1.0,,,0.5,3,SUCCESS
exp3_SMOOTH_WEIGHTED_ROUND_ROBIN_rep2_20261009_141932,exp3,SMOOTH_WEIGHTED_ROUND_ROBIN,2,20261009_141932,0.0,364573,607.62,0.0,120.13,285.44,337.15,396.27,131.37,865.12,1.0,,,0.5,3,SUCCESS
exp3_SMOOTH_WEIGHTED_ROUND_ROBIN_rep3_20261009_141936,exp3,SMOOTH_WEIGHTED_ROUND_ROBIN,3,20261009_141936,0.0,357218,595.36,0.0,120.41,294.29,331.26,425.09,133.33,1122.42,1.0,,,0.5,3,SUCCESS
exp3_SMOOTH_WEIGHTED_ROUND_ROBIN_rep4_20261009_141940,exp3,SMOOTH_WEIGHTED_ROUND_ROBIN,4,20261009_141940,0.0,361620,602.7,0.0,121.94,295.04,335.71,422.37,139.41,1150.49,1.0,,,0.5,3,SUCCESS
exp3_SMOOTH_WEIGHTED_ROUND_ROBIN_rep5_20261009_141944,exp3,SMOOTH_WEIGHTED_ROUND_ROBIN,5,20261009_141944,0.0,360917,601.53,0.0,116.56,287.04,332.7,409.97,138.82,1286.54,1.0,,,0.5,3,SUCCESS
exp3_LEAST_CONNECTIONS_rep1_20261009_141948,exp3,LEAST_CONNECTIONS,1,20261009_141948,0.0,358807,598.01,0.0,67.17,172.73,231.07,302.82,87.16,914.0,0.9542,14.607,8.265,0.5,3,SUCCESS
exp3_LEAST_CONNECTIONS_rep2_20261009_141953,exp3,LEAST_CONNECTIONS,2,20261009_141953,0.0,356331,593.89,0.0,68.2,179.11,217.47,272.52,85.97,806.12,0.9542,15.096,7.509,0.5,3,SUCCESS
exp3_LEAST_CONNECTIONS_rep3_20261009_141957,exp3,LEAST_CONNECTIONS,3,20261009_141957,0.0,360374,600.62,0.0,69.06,166.75,220.93,286.79,83.66,746.56,0.9542,14.968,7.454,0.5,3,SUCCESS
exp3_LEAST_CONNECTIONS_rep4_20261009_142001,exp3,LEAST_CONNECTIONS,4,20261009_142001,0.0,359852,599.75,0.0,67.97,178.22,213.04,310.62,82.51,899.61,0.9542,15.029,8.565,0.5,3,SUCCESS
exp3_LEAST_CONNECTIONS_rep5_20261009_142005,exp3,LEAST_CONNECTIONS,5,20261009_142005,0.0,357972,596.62,0.0,68.76,186.05,213.58,284.4,88.07,789.14,0.9542,14.758,5.737,0.5,3,SUCCESS
exp3_ADAPTIVE_MULTI_METRIC_rep1_20261009_142009,exp3,ADAPTIVE_MULTI_METRIC,1,20261009_142009,0.0,357495,595.83,0.0,22.43,45.2,57.46,89.22,27.66,270.51,0.7319,1.69,2.979,0.5,3,SUCCESS
exp3_ADAPTIVE_MULTI_METRIC_rep2_20261009_142013,exp3,ADAPTIVE_MULTI_METRIC,2,20261009_142013,0.0,363948,606.58,0.0,22.42,48.1,59.38,93.11,27.35,242.02,0.7319,1.68,2.872,0.5,3,SUCCESS
exp3_ADAPTIVE_MULTI_METRIC_rep3_20261009_142017,exp3,ADAPTIVE_MULTI_METRIC,3,20261009_142017,0.0,365395,608.99,0.0,22.63,46.16,61.0,90.64,25.96,220.48,0.7319,1.71,2.925,0.5,3,SUCCESS
exp3_ADAPTIVE_MULTI_METRIC_rep4_20261009_142021,exp3,ADAPTIVE_MULTI_METRIC,4,20261009_142021,0.0,362819,604.7,0.0,22.03,46.0,59.8,97.74,27.17,238.6,0.7319,1.71,2.769,0.5,3,SUCCESS
exp3_ADAPTIVE_MULTI_METRIC_rep5_20261009_142025,exp3,ADAPTIVE_MULTI_METRIC,5,20261009_142025,0.0,366277,610.46,0.0,23.2,45.35,60.28,89.0,26.84,245.18,0.7319,1.685,2.54,0.5,3,SUCCESS
exp4_ROUND_ROBIN_rep1_20261009_142029,exp4,ROUND_ROBIN,1,20261009_142029,0.0,114921,766.14,7.08,66.31,335.96,471.61,726.19,92.41,2038.07,1.0,,,0.5,3,SUCCESS
exp4_ROUND_ROBIN_rep2_20261009_142033,exp4,ROUND_ROBIN,2,20261009_142033,0.0,114787,765.25,7.89,62.87,358.34,485.9,742.9,92.99,2146.02,1.0,,,0.5,3,SUCCESS
exp4_ROUND_ROBIN_rep3_20261009_142037,exp4,ROUND_ROBIN,3,20261009_142037,0.0,120073,800.49,7.9,61.86,354.27,452.35,773.87,98.98,2136.72,1.0,,,0.5,3,SUCCESS
exp4_ROUND_ROBIN_rep4_20261009_142041,exp4,ROUND_ROBIN,4,20261009_142041,0.0,116792,778.62,7.86,59.38,335.15,514.17,736.54,93.82,1941.97,1.0,,,0.5,3,SUCCESS
exp4_ROUND_ROBIN_rep5_20261009_142046,exp4,ROUND_ROBIN,5,20261009_142046,0.0,116038,773.59,8.02,62.67,359.09,506.17,703.41,88.37,2021.89,1.0,,,0.5,3,SUCCESS
exp4_SMOOTH_WEIGHTED_ROUND_ROBIN_rep1_20261009_142050,exp4,SMOOTH_WEIGHTED_ROUND_ROBIN,1,20261009_142050,0.0,116149,774.33,6.94,57.15,334.23,463.13,698.81,83.72,1872.35,1.0,,,0.5,3,SUCCESS
exp4_SMOOTH_WEIGHTED_ROUND_ROBIN_rep2_20261009_142054,exp4,SMOOTH_WEIGHTED_ROUND_ROBIN,2,20261009_142054,0.0,117079,780.53,7.21,57.35,359.97,444.11,678.13,91.98,1818.42,1.0,,,0.5,3,SUCCESS
exp4_SMOOTH_WEIGHTED_ROUND_ROBIN_rep3_20261009_142058,exp4,SMOOTH_WEIGHTED_ROUND_ROBIN,3,20261009_142058,0.0,115276,768.51,6.55,54.26,336.56,456.47,719.82,90.77,2150.46,1.0,,,0.5,3,SUCCESS
exp4_SMOOTH_WEIGHTED_ROUND_ROBIN_rep4_20261009_142102,exp4,SMOOTH_WEIGHTED_ROUND_ROBIN,4,20261009_142102,0.0,118664,791.1,7.84,56.8,348.11,460.02,661.73,88.61,1855.45,1.0,,,0.5,3,SUCCESS
exp4_SMOOTH_WEIGHTED_ROUND_ROBIN_rep5_20261009_142106,exp4,SMOOTH_WEIGHTED_ROUND_ROBIN,5,20261009_142106,0.0,115915,772.77,7.09,58.62,344.07,431.74,666.23,88.2,1936.46,1.0,,,0.5,3,SUCCESS
exp4_LEAST_CONNECTIONS_rep1_20261009_142110,exp4,LEAST_CONNECTIONS,1,20261009_142110,0.0,116067,773.78,2.71,35.66,203.75,283.79,424.14,52.85,1200.0,1.0,,,0.5,3,SUCCESS
exp4_LEAST_CONNECTIONS_rep2_20261009_142114,exp4,LEAST_CONNECTIONS,2,20261009_142114,0.0,115231,768.21,2.69,35.4,220.39,284.58,396.54,53.72,1233.15,1.0,,,0.5,3,SUCCESS
exp4_LEAST_CONNECTIONS_rep3_20261009_142118,exp4,LEAST_CONNECTIONS,3,20261009_142118,0.0,117489,783.27,2.74,36.39,200.96,292.83,445.95,55.66,1201.42,1.0,,,0.5,3,SUCCESS
exp4_LEAST_CONNECTIONS_rep4_20261009_142122,exp4,LEAST_CONNECTIONS,4,20261009_142122,0.0,115454,769.7,2.49,35.05,204.86,267.65,408.1,55.26,1060.9,1.0,,,0.5,3,SUCCESS
exp4_LEAST_CONNECTIONS_rep5_20261009_142126,exp4,LEAST_CONNECTIONS,5,20261009_142126,0.0,115937,772.91,2.97,37.41,212.6,283.57,415.68,53.12,1064.82,1.0,,,0.5,3,SUCCESS
exp4_ADAPTIVE_MULTI_METRIC_rep1_20261009_142130,exp4,ADAPTIVE_MULTI_METRIC,1,20261009_142130,0.0,115405,769.37,0.38,23.7,96.55,141.48,236.39,30.52,628.26,0.9998,,,0.5,3,SUCCESS
exp4_ADAPTIVE_MULTI_METRIC_rep2_20261009_142134,exp4,ADAPTIVE_MULTI_METRIC,2,20261009_142134,0.0,114579,763.86,0.42,24.06,100.21,145.72,231.66,31.06,645.6,0.9998,,,0.5,3,SUCCESS
exp4_ADAPTIVE_MULTI_METRIC_rep3_20261009_142139,exp4,ADAPTIVE_MULTI_METRIC,3,20261009_142139,0.0,115658,771.06,0.45,23.81,100.94,156.85,235.29,32.38,714.75,0.9998,,,0.5,3,SUCCESS
exp4_ADAPTIVE_MULTI_METRIC_rep4_20261009_142143,exp4,ADAPTIVE_MULTI_METRIC,4,20261009_142143,0.0,118075,787.17,0.44,25.04,94.81,137.34,240.19,31.25,652.58,0.9998,,,0.5,3,SUCCESS
exp4_ADAPTIVE_MULTI_METRIC_rep5_20261009_142147,exp4,ADAPTIVE_MULTI_METRIC,5,20261009_142147,0.0,117601,784.01,0.4,25.22,99.34,149.95,227.88,30.58,731.23,0.9998,,,0.5,3,SUCCESS
exp5_ROUND_ROBIN_rep1_20261009_142151,exp5,ROUND_ROBIN,1,20261009_142151,0.0,476043,793.41,33.3,26.02,285.28,370.92,526.35,88.91,1532.51,1.0,,,0.5,3,SUCCESS
exp5_ROUND_ROBIN_rep2_20261009_142155,exp5,ROUND_ROBIN,2,20261009_142155,0.0,487692,812.82,31.98,25.59,281.02,388.71,525.82,85.26,1265.98,1.0,,,0.5,3,SUCCESS
exp5_ROUND_ROBIN_rep3_20261009_142159,exp5,ROUND_ROBIN,3,20261009_142159,0.0,462930,771.55,33.8,24.75,287.64,389.33,529.9,85.89,1547.85,1.0,,,0.5,3,SUCCESS
exp5_ROUND_ROBIN_rep4_20261009_142203,exp5,ROUND_ROBIN,4,20261009_142203,0.0,477375,795.63,33.87,24.27,284.7,370.46,520.92,83.01,1316.23,1.0,,,0.5,3,SUCCESS
exp5_ROUND_ROBIN_rep5_20261009_142207,exp5,ROUND_ROBIN,5,20261009_142207,0.0,481673,802.79,32.76,25.57,281.11,355.94,549.55,85.5,1474.34,1.0,,,0.5,3,SUCCESS
exp5_SMOOTH_WEIGHTED_ROUND_ROBIN_rep1_20261009_142211,exp5,SMOOTH_WEIGHTED_ROUND_ROBIN,1,20261009_142211,0.0,485925,809.88,32.61,23.19,258.07,381.42,526.96,76.76,1256.44,1.0,,,0.5,3,SUCCESS
exp5_SMOOTH_WEIGHTED_ROUND_ROBIN_rep2_20261009_142215,exp5,SMOOTH_WEIGHTED_ROUND_ROBIN,2,20261009_142215,0.0,476772,794.62,31.62,25.61,288.98,392.82,499.58,80.22,1456.14,1.0,,,0.5,3,SUCCESS
exp5_SMOOTH_WEIGHTED_ROUND_ROBIN_rep3_20261009_142219,exp5,SMOOTH_WEIGHTED_ROUND_ROBIN,3,20261009_142219,0.0,486291,810.49,32.6,24.13,265.56,392.8,539.4,80.41,1438.51,1.0,,,0.5,3,SUCCESS
exp5_SMOOTH_WEIGHTED_ROUND_ROBIN_rep4_20261009_142223,exp5,SMOOTH_WEIGHTED_ROUND_ROBIN,4,20261009_142223,0.0,478553,797.59,33.61,24.24,283.95,379.18,537.19,80.82,1283.95,1.0,,,0.5,3,SUCCESS
exp5_SMOOTH_WEIGHTED_ROUND_ROBIN_rep5_20261009_142227,exp5,SMOOTH_WEIGHTED_ROUND_ROBIN,5,20261009_142227,0.01,476221,793.7,33.55,24.48,279.21,375.89,506.52,79.72,1241.91,1.0,,,0.5,3,SUCCESS
exp5_LEAST_CONNECTIONS_rep1_20261009_142232,exp5,LEAST_CONNECTIONS,1,20261009_142232,0.0,475208,792.01,31.8,21.54,254.96,292.22,453.31,69.12,1318.6,0.9997,,,0.5,3,SUCCESS
exp5_LEAST_CONNECTIONS_rep2_20261009_142236,exp5,LEAST_CONNECTIONS,2,20261009_142236,0.02,479380,798.97,31.0,22.19,249.06,319.9,432.21,69.52,1297.84,0.9997,,,0.5,3,SUCCESS
exp5_LEAST_CONNECTIONS_rep3_20261009_142240,exp5,LEAST_CONNECTIONS,3,20261009_142240,0.0,485941,809.9,33.38,21.04,233.72,293.08,468.48,66.66,1360.6,0.9997,,,0.5,3,SUCCESS
exp5_LEAST_CONNECTIONS_rep4_20261009_142244,exp5,LEAST_CONNECTIONS,4,20261009_142244,0.0,485617,809.36,31.34,21.09,235.79,327.93,402.46,72.18,1043.49,0.9997,,,0.5,3,SUCCESS
exp5_LEAST_CONNECTIONS_rep5_20261009_142248,exp5,LEAST_CONNECTIONS,5,20261009_142248,0.0,471591,785.99,31.59,21.61,232.06,303.93,427.3,69.49,1073.74,0.9997,,,0.5,3,SUCCESS
exp5_ADAPTIVE_MULTI_METRIC_rep1_20261009_142252,exp5,ADAPTIVE_MULTI_METRIC,1,20261009_142252,0.01,476106,793.51,1.86,23.87,50.07,61.61,106.42,28.27,283.49,0.6801,0.796,,0.5,3,SUCCESS
exp5_ADAPTIVE_MULTI_METRIC_rep2_20261009_142256,exp5,ADAPTIVE_MULTI_METRIC,2,20261009_142256,0.0,481889,803.15,1.68,23.58,48.15,60.12,107.22,28.89,297.47,0.6801,0.805,,0.5,3,SUCCESS
exp5_ADAPTIVE_MULTI_METRIC_rep3_20261009_142300,exp5,ADAPTIVE_MULTI_METRIC,3,20261009_142300,0.0,467000,778.33,1.73,23.28,46.39,64.8,107.1,27.66,297.85,0.6801,0.749,,0.5,3,SUCCESS
exp5_ADAPTIVE_MULTI_METRIC_rep4_20261009_142304,exp5,ADAPTIVE_MULTI_METRIC,4,20261009_142304,0.0,471835,786.39,1.87,23.86,46.67,63.54,104.97,29.88,321.71,0.6801,0.807,,0.5,3,SUCCESS
exp5_ADAPTIVE_MULTI_METRIC_rep5_20261009_142308,exp5,ADAPTIVE_MULTI_METRIC,5,20261009_142308,0.02,485715,809.53,1.54,24.29,49.02,61.29,106.09,27.01,267.06,0.6801,0.796,,0.5,3,SUCCESS
exp6_ROUND_ROBIN_rep1_20261009_142312,exp6,ROUND_ROBIN,1,20261009_142312,0.0,121408,404.7,0.0,23.92,46.74,53.48,95.65,27.91,275.33,0.7622,0.501,,4.26,3,SUCCESS
exp6_ROUND_ROBIN_rep2_20261009_142321,exp6,ROUND_ROBIN,2,20261009_142321,0.0,119083,396.95,0.0,23.28,47.65,52.08,92.53,27.31,294.4,0.7622,0.475,,4.47,3,SUCCESS
exp6_ROUND_ROBIN_rep3_20261009_142329,exp6,ROUND_ROBIN,3,20261009_142329,0.0,120664,402.22,0.0,22.87,47.54,52.34,90.35,28.7,277.76,0.7622,0.476,,4.71,3,SUCCESS
exp6_ROUND_ROBIN_rep4_20261009_142337,exp6,ROUND_ROBIN,4,20261009_142337,0.02,119157,397.19,0.0,22.54,49.03,52.74,95.56,26.75,287.04,0.7622,0.478,,4.5,3,SUCCESS
exp6_ROUND_ROBIN_rep5_20261009_142345,exp6,ROUND_ROBIN,5,20261009_142345,0.0,120736,402.46,0.0,22.83,47.6,52.88,102.56,28.09,267.8,0.7622,0.471,,4.41,3,SUCCESS
exp6_SMOOTH_WEIGHTED_ROUND_ROBIN_rep1_20261009_142353,exp6,SMOOTH_WEIGHTED_ROUND_ROBIN,1,20261009_142353,0.0,119717,399.06,0.0,23.61,47.22,58.63,92.24,26.46,298.43,0.7622,0.857,,2.29,3,SUCCESS
exp6_SMOOTH_WEIGHTED_ROUND_ROBIN_rep2_20261009_142401,exp6,SMOOTH_WEIGHTED_ROUND_ROBIN,2,20261009_142401,0.0,119284,397.62,0.0,22.48,46.98,54.9,95.71,28.2,259.67,0.7622,0.847,,2.13,3,SUCCESS
exp6_SMOOTH_WEIGHTED_ROUND_ROBIN_rep3_20261009_142409,exp6,SMOOTH_WEIGHTED_ROUND_ROBIN,3,20261009_142409,0.0,118899,396.33,0.0,22.1,48.24,55.06,93.05,27.7,286.68,0.7622,0.887,,2.2,3,SUCCESS
exp6_SMOOTH_WEIGHTED_ROUND_ROBIN_rep4_20261009_142418,exp6,SMOOTH_WEIGHTED_ROUND_ROBIN,4,20261009_142418,0.0,120638,402.13,0.0,22.22,48.42,56.08,96.9,27.49,273.06,0.7622,0.854,,2.29,3,SUCCESS
exp6_SMOOTH_WEIGHTED_ROUND_ROBIN_rep5_20261009_142426,exp6,SMOOTH_WEIGHTED_ROUND_ROBIN,5,20261009_142426,0.0,121147,403.83,0.0,23.25,47.93,56.99,92.35,26.89,232.14,0.7622,0.859,,2.18,3,SUCCESS
exp6_LEAST_CONNECTIONS_rep1_20261009_142434,exp6,LEAST_CONNECTIONS,1,20261009_142434,0.0,118568,395.23,0.0,22.24,48.73,69.53,96.83,27.35,259.78,0.7622,2.21,,0.55,3,SUCCESS
exp6_LEAST_CONNECTIONS_rep2_20261009_142442,exp6,LEAST_CONNECTIONS,2,20261009_142442,0.02,119135,397.12,0.0,22.24,47.85,71.69,97.64,27.69,274.52,0.7622,2.333,,0.5,3,SUCCESS
exp6_LEAST_CONNECTIONS_rep3_20261009_142450,exp6,LEAST_CONNECTIONS,3,20261009_142450,0.0,117380,391.27,0.0,22.34,49.29,68.73,88.15,27.69,219.2,0.7622,2.283,,0.52,3,SUCCESS
exp6_LEAST_CONNECTIONS_rep4_20261009_142458,exp6,LEAST_CONNECTIONS,4,20261009_142458,0.0,123035,410.12,0.0,22.27,47.57,64.28,90.47,27.43,256.19,0.7622,2.399,,0.48,3,SUCCESS
exp6_LEAST_CONNECTIONS_rep5_20261009_142506,exp6,LEAST_CONNECTIONS,5,20261009_142506,0.0,122136,407.12,0.0,23.18,48.11,67.51,94.69,27.36,244.8,0.7622,2.165,,0.54,3,SUCCESS
exp6_ADAPTIVE_MULTI_METRIC_rep1_20261009_142515,exp6,ADAPTIVE_MULTI_METRIC,1,20261009_142515,0.02,120408,401.36,0.0,23.24,48.52,62.24,91.93,27.98,267.45,0.7622,1.387,,1.13,3,SUCCESS
exp6_ADAPTIVE_MULTI_METRIC_rep2_20261009_142523,exp6,ADAPTIVE_MULTI_METRIC,2,20261009_142523,0.0,121055,403.52,0.0,23.36,47.97,58.99,95.71,27.45,271.93,0.7622,1.415,,1.17,3,SUCCESS
exp6_ADAPTIVE_MULTI_METRIC_rep3_20261009_142531,exp6,ADAPTIVE_MULTI_METRIC,3,20261009_142531,0.0,120760,402.54,0.0,24.2,47.71,58.79,102.17,27.04,277.6,0.7622,1.464,,1.11,3,SUCCESS
exp6_ADAPTIVE_MULTI_METRIC_rep4_20261009_142539,exp6,ADAPTIVE_MULTI_METRIC,4,20261009_142539,0.0,118344,394.48,0.0,23.17,46.81,58.64,96.78,25.83,295.38,0.7622,1.358,,1.13,3,SUCCESS
exp6_ADAPTIVE_MULTI_METRIC_rep5_20261009_142547,exp6,ADAPTIVE_MULTI_METRIC,5,20261009_142547,0.02,118791,395.97,0.0,23.03,47.23,58.99,91.17,26.55,284.9,0.7622,1.437,,1.14,3,SUCCESS
exp7_ROUND_ROBIN_rep1_20261009_142555,exp7,ROUND_ROBIN,1,20261009_142555,0.0,152926,509.76,0.15,22.93,48.34,64.38,99.45,27.17,305.96,0.7759,1.646,,0.5,3,SUCCESS
exp7_ROUND_ROBIN_rep2_20261009_142604,exp7,ROUND_ROBIN,2,20261009_142604,0.01,152420,508.07,0.15,23.51,49.7,66.07,106.6,27.92,275.76,0.7759,1.848,,0.5,3,SUCCESS
exp7_ROUND_ROBIN_rep3_20261009_142612,exp7,ROUND_ROBIN,3,20261009_142612,0.0,148366,494.55,0.14,22.87,51.01,68.66,102.57,27.34,307.87,0.7759,1.766,,0.5,3,SUCCESS
exp7_ROUND_ROBIN_rep4_20261009_142620,exp7,ROUND_ROBIN,4,20261009_142620,0.02,149501,498.34,0.13,23.21,48.18,69.55,104.21,28.35,305.67,0.7759,1.743,,0.5,3,SUCCESS
exp7_ROUND_ROBIN_rep5_20261009_142628,exp7,ROUND_ROBIN,5,20261009_142628,0.0,152319,507.73,0.13,23.57,47.98,67.11,103.43,28.31,281.24,0.7759,1.829,,0.5,3,SUCCESS
exp7_SMOOTH_WEIGHTED_ROUND_ROBIN_rep1_20261009_142636,exp7,SMOOTH_WEIGHTED_ROUND_ROBIN,1,20261009_142636,0.0,152404,508.02,0.12,22.77,50.09,56.61,84.39,27.73,220.55,0.7759,1.387,,0.5,3,SUCCESS
exp7_SMOOTH_WEIGHTED_ROUND_ROBIN_rep2_20261009_142644,exp7,SMOOTH_WEIGHTED_ROUND_ROBIN,2,20261009_142644,0.0,149594,498.65,0.12,23.72,48.46,57.13,93.91,28.16,279.14,0.7759,1.369,,0.5,3,SUCCESS
exp7_SMOOTH_WEIGHTED_ROUND_ROBIN_rep3_20261009_142652,exp7,SMOOTH_WEIGHTED_ROUND_ROBIN,3,20261009_142652,0.02,149015,496.72,0.1,22.84,48.01,57.39,85.26,27.68,252.56,0.7759,1.35,,0.5,3,SUCCESS
exp7_SMOOTH_WEIGHTED_ROUND_ROBIN_rep4_20261009_142701,exp7,SMOOTH_WEIGHTED_ROUND_ROBIN,4,20261009_142701,0.0,148739,495.8,0.12,22.71,48.21,55.02,89.44,27.93,250.9,0.7759,1.295,,0.5,3,SUCCESS
exp7_SMOOTH_WEIGHTED_ROUND_ROBIN_rep5_20261009_142709,exp7,SMOOTH_WEIGHTED_ROUND_ROBIN,5,20261009_142709,0.0,151199,504.0,0.12,23.62,48.38,55.12,86.46,28.31,260.64,0.7759,1.27,,0.5,3,SUCCESS
exp7_LEAST_CONNECTIONS_rep1_20261009_142717,exp7,LEAST_CONNECTIONS,1,20261009_142717,0.0,148059,493.53,0.05,24.21,48.44,63.48,100.15,28.69,301.4,0.7759,1.611,,0.5,3,SUCCESS
exp7_LEAST_CONNECTIONS_rep2_20261009_142725,exp7,LEAST_CONNECTIONS,2,20261009_142725,0.0,151450,504.83,0.04,23.28,49.74,67.19,94.87,29.2,266.71,0.7759,1.567,,0.5,3,SUCCESS
exp7_LEAST_CONNECTIONS_rep3_20261009_142733,exp7,LEAST_CONNECTIONS,3,20261009_142733,0.0,154351,514.5,0.05,23.37,47.37,61.53,95.53,26.81,247.37,0.7759,1.363,,0.5,3,SUCCESS
exp7_LEAST_CONNECTIONS_rep4_20261009_142741,exp7,LEAST_CONNECTIONS,4,20261009_142741,0.0,150924,503.08,0.05,23.37,48.39,63.06,97.23,28.03,285.58,0.7759,1.479,,0.5,3,SUCCESS
exp7_LEAST_CONNECTIONS_rep5_20261009_142750,exp7,LEAST_CONNECTIONS,5,20261009_142750,0.0,147883,492.95,0.06,22.21,51.46,62.08,93.66,27.67,242.57,0.7759,1.491,,0.5,3,SUCCESS
exp7_ADAPTIVE_MULTI_METRIC_rep1_20261009_142758,exp7,ADAPTIVE_MULTI_METRIC,1,20261009_142758,0.02,150963,503.21,0.07,23.48,47.85,59.46,89.73,27.62,277.08,0.7759,1.653,,0.5,3,SUCCESS
exp7_ADAPTIVE_MULTI_METRIC_rep2_20261009_142806,exp7,ADAPTIVE_MULTI_METRIC,2,20261009_142806,0.0,151857,506.19,0.08,24.04,48.37,57.84,95.93,28.25,256.89,0.7759,1.417,,0.5,3,SUCCESS
exp7_ADAPTIVE_MULTI_METRIC_rep3_20261009_142814,exp7,ADAPTIVE_MULTI_METRIC,3,20261009_142814,0.0,149775,499.25,0.07,23.16,49.48,59.11,96.94,28.74,292.66,0.7759,1.452,,0.5,3,SUCCESS
exp7_ADAPTIVE_MULTI_METRIC_rep4_20261009_142822,exp7,ADAPTIVE_MULTI_METRIC,4,20261009_142822,0.0,151693,505.65,0.09,23.73,50.26,58.39,93.48,28.36,291.37,0.7759,1.536,,0.5,3,SUCCESS
exp7_ADAPTIVE_MULTI_METRIC_rep5_20261009_142830,exp7,ADAPTIVE_MULTI_METRIC,5,20261009_142830,0.01,147655,492.18,0.09,23.04,49.5,58.79,96.04,27.83,261.26,0.7759,1.408,,0.5,3,SUCCESS
